unit,sex,age,region,year,value
YR,F,Y1,AL,2020,79.4
YR,F,Y1,AT,2020,82.9
YR,F,Y1,BE,2020,82.3
YR,F,Y1,BG,2020,76.9
YR,F,Y1,CH,2020,84.4
YR,F,Y1,CY,2020,83.5
YR,F,Y1,CZ,2020,80.5
YR,F,Y1,DE,2020,82.8
YR,F,Y1,DE_TOT,2020,82.8
YR,F,Y1,DK,2020,82.8
YR,F,Y1,EA18,2020,83.4
YR,F,Y1,EA19,2020,83.4
YR,F,Y1,EE,2020,82.1
YR,F,Y1,EFTA,2020,84.2
YR,F,Y1,EL,2020,83.1
YR,F,Y1,ES,2020,84.3
YR,F,Y1,EU27_2020,2020,82.4
YR,F,Y1,FI,2020,83.9
YR,F,Y1,FR,2020,84.6
YR,F,Y1,HR,2020,80.2
YR,F,Y1,HU,2020,78.2
YR,F,Y1,IE,2020,83.7
YR,F,Y1,IS,2020,83.7
YR,F,Y1,IT,2020,83.7
YR,F,Y1,LI,2020,82.9
YR,F,Y1,LT,2020,79.3
YR,F,Y1,LU,2020,83.9
YR,F,Y1,LV,2020,79.3
YR,F,Y1,ME,2020,78.0
YR,F,Y1,MK,2020,76.1
YR,F,Y1,MT,2020,83.8
YR,F,Y1,NL,2020,82.4
YR,F,Y1,NO,2020,84.0
YR,F,Y1,PL,2020,80.0
YR,F,Y1,PT,2020,83.3
YR,F,Y1,RO,2020,77.7
YR,F,Y1,RS,2020,76.8
YR,F,Y1,SE,2020,83.4
YR,F,Y1,SI,2020,82.5
YR,F,Y1,SK,2020,79.8
YR,F,Y1,AL,2019,80.4
YR,F,Y1,AM,2019,79.1
YR,F,Y1,AT,2019,83.5
YR,F,Y1,AZ,2019,78.6
YR,F,Y1,BE,2019,83.6
YR,F,Y1,BG,2019,78.2
YR,F,Y1,CH,2019,85.1
YR,F,Y1,CY,2019,83.6
YR,F,Y1,CZ,2019,81.4
YR,F,Y1,DE,2019,82.9
YR,F,Y1,DE_TOT,2019,82.9
YR,F,Y1,DK,2019,82.7
YR,F,Y1,EA18,2019,84.2
YR,F,Y1,EA19,2019,84.1
YR,F,Y1,EE,2019,82.1
YR,F,Y1,EFTA,2019,84.6
YR,F,Y1,EL,2019,83.5
YR,F,Y1,ES,2019,85.9
YR,F,Y1,EU27_2020,2019,83.3
YR,F,Y1,FI,2019,83.9
YR,F,Y1,FR,2019,85.2
YR,F,Y1,GE,2019,77.9
YR,F,Y1,HR,2019,80.9
YR,F,Y1,HU,2019,79.0
YR,F,Y1,IE,2019,83.9
YR,F,Y1,IS,2019,83.7
YR,F,Y1,IT,2019,84.9
YR,F,Y1,LI,2019,84.8
YR,F,Y1,LT,2019,80.4
YR,F,Y1,LU,2019,84.4
YR,F,Y1,LV,2019,79.4
YR,F,Y1,ME,2019,78.6
YR,F,Y1,MK,2019,78.0
YR,F,Y1,MT,2019,84.3
YR,F,Y1,NL,2019,83.0
YR,F,Y1,NO,2019,83.8
YR,F,Y1,PL,2019,81.2
YR,F,Y1,PT,2019,84.0
YR,F,Y1,RO,2019,78.9
YR,F,Y1,RS,2019,78.0
YR,F,Y1,SE,2019,84.0
YR,F,Y1,SI,2019,83.7
YR,F,Y1,SK,2019,80.6
YR,F,Y1,TR,2019,81.5
YR,F,Y1,UA,2019,77.7
YR,F,Y1,AL,2018,80.2
YR,F,Y1,AM,2018,79.2
YR,F,Y1,AT,2018,83.3
YR,F,Y1,AZ,2018,78.1
YR,F,Y1,BE,2018,83.2
YR,F,Y1,BG,2018,78.0
YR,F,Y1,BY,2018,78.7
YR,F,Y1,CH,2018,85.0
YR,F,Y1,CY,2018,83.9
YR,F,Y1,CZ,2018,81.2
YR,F,Y1,DE,2018,82.5
YR,F,Y1,DE_TOT,2018,82.5
YR,F,Y1,DK,2018,82.2
YR,F,Y1,EA18,2018,83.9
YR,F,Y1,EA19,2018,83.8
YR,F,Y1,EE,2018,81.8
YR,F,Y1,EEA30_2007,2018,82.9
YR,F,Y1,EEA31,2018,82.9
YR,F,Y1,EFTA,2018,84.5
YR,F,Y1,EL,2018,83.7
YR,F,Y1,ES,2018,85.5
YR,F,Y1,EU27_2007,2018,82.9
YR,F,Y1,EU27_2020,2018,83.0
YR,F,Y1,EU28,2018,82.9
YR,F,Y1,FI,2018,83.7
YR,F,Y1,FR,2018,85.1
YR,F,Y1,GE,2018,77.8
YR,F,Y1,HR,2018,80.7
YR,F,Y1,HU,2018,78.8
YR,F,Y1,IE,2018,83.3
YR,F,Y1,IS,2018,83.6
YR,F,Y1,IT,2018,84.8
YR,F,Y1,LI,2018,84.5
YR,F,Y1,LT,2018,80.0
YR,F,Y1,LU,2018,84.0
YR,F,Y1,LV,2018,79.0
YR,F,Y1,ME,2018,78.4
YR,F,Y1,MK,2018,78.2
YR,F,Y1,MT,2018,83.9
YR,F,Y1,NL,2018,82.7
YR,F,Y1,NO,2018,83.7
YR,F,Y1,PL,2018,80.9
YR,F,Y1,PT,2018,83.7
YR,F,Y1,RO,2018,78.6
YR,F,Y1,RS,2018,77.8
YR,F,Y1,SE,2018,83.4
YR,F,Y1,SI,2018,83.4
YR,F,Y1,SK,2018,80.1
YR,F,Y1,TR,2018,81.4
YR,F,Y1,UA,2018,77.5
YR,F,Y1,UK,2018,82.3
YR,F,Y1,AL,2017,79.7
YR,F,Y1,AM,2017,78.5
YR,F,Y1,AT,2017,83.2
YR,F,Y1,AZ,2017,77.7
YR,F,Y1,BE,2017,83.2
YR,F,Y1,BG,2017,77.9
YR,F,Y1,BY,2017,78.6
YR,F,Y1,CH,2017,84.9
YR,F,Y1,CY,2017,83.3
YR,F,Y1,CZ,2017,81.2
YR,F,Y1,DE,2017,82.6
YR,F,Y1,DE_TOT,2017,82.6
YR,F,Y1,DK,2017,82.4
YR,F,Y1,EA18,2017,83.8
YR,F,Y1,EA19,2017,83.7
YR,F,Y1,EE,2017,81.8
YR,F,Y1,EEA30_2007,2017,82.9
YR,F,Y1,EEA31,2017,82.8
YR,F,Y1,EFTA,2017,84.4
YR,F,Y1,EL,2017,83.2
YR,F,Y1,ES,2017,85.3
YR,F,Y1,EU27_2007,2017,82.9
YR,F,Y1,EU27_2020,2017,82.9
YR,F,Y1,EU28,2017,82.8
YR,F,Y1,FI,2017,83.6
YR,F,Y1,FR,2017,85.0
YR,F,Y1,GE,2017,77.5
YR,F,Y1,HR,2017,80.2
YR,F,Y1,HU,2017,78.6
YR,F,Y1,IE,2017,83.2
YR,F,Y1,IS,2017,83.5
YR,F,Y1,IT,2017,84.4
YR,F,Y1,LI,2017,85.0
YR,F,Y1,LT,2017,79.7
YR,F,Y1,LU,2017,83.5
YR,F,Y1,LV,2017,78.9
YR,F,Y1,ME,2017,78.3
YR,F,Y1,MK,2017,77.7
YR,F,Y1,MT,2017,84.0
YR,F,Y1,NL,2017,82.7
YR,F,Y1,NO,2017,83.5
YR,F,Y1,PL,2017,81.1
YR,F,Y1,PT,2017,83.8
YR,F,Y1,RO,2017,78.5
YR,F,Y1,RS,2017,77.4
YR,F,Y1,SE,2017,83.3
YR,F,Y1,SI,2017,83.2
YR,F,Y1,SK,2017,80.0
YR,F,Y1,TR,2017,81.0
YR,F,Y1,UA,2017,77.5
YR,F,Y1,UK,2017,82.4
YR,F,Y1,AL,2016,79.8
YR,F,Y1,AM,2016,78.0
YR,F,Y1,AT,2016,83.4
YR,F,Y1,BE,2016,83.2
YR,F,Y1,BG,2016,78.0
YR,F,Y1,BY,2016,78.4
YR,F,Y1,CH,2016,84.9
YR,F,Y1,CY,2016,84.1
YR,F,Y1,CZ,2016,81.3
YR,F,Y1,DE,2016,82.7
YR,F,Y1,DE_TOT,2016,82.7
YR,F,Y1,DK,2016,82.0
YR,F,Y1,EA18,2016,83.9
YR,F,Y1,EA19,2016,83.9
YR,F,Y1,EE,2016,81.4
YR,F,Y1,EEA30_2007,2016,83.0
YR,F,Y1,EEA31,2016,82.9
YR,F,Y1,EFTA,2016,84.3
YR,F,Y1,EL,2016,83.3
YR,F,Y1,ES,2016,85.5
YR,F,Y1,EU27_2007,2016,82.9
YR,F,Y1,EU27_2020,2016,83.0
YR,F,Y1,EU28,2016,82.9
YR,F,Y1,FI,2016,83.5
YR,F,Y1,FR,2016,85.1
YR,F,Y1,GE,2016,76.8
YR,F,Y1,HR,2016,80.7
YR,F,Y1,HU,2016,79.0
YR,F,Y1,IE,2016,82.8
YR,F,Y1,IS,2016,83.2
YR,F,Y1,IT,2016,84.8
YR,F,Y1,LI,2016,83.5
YR,F,Y1,LT,2016,79.5
YR,F,Y1,LU,2016,84.6
YR,F,Y1,LV,2016,78.9
YR,F,Y1,ME,2016,78.2
YR,F,Y1,MK,2016,77.5
YR,F,Y1,MT,2016,83.9
YR,F,Y1,NL,2016,82.5
YR,F,Y1,NO,2016,83.3
YR,F,Y1,PL,2016,81.3
YR,F,Y1,PT,2016,83.6
YR,F,Y1,RO,2016,78.5
YR,F,Y1,RS,2016,77.6
YR,F,Y1,SE,2016,83.3
YR,F,Y1,SI,2016,83.4
YR,F,Y1,SK,2016,80.1
YR,F,Y1,TR,2016,80.7
YR,F,Y1,UA,2016,77.1
YR,F,Y1,UK,2016,82.3
YR,F,Y1,XK,2016,81.1
YR,F,Y1,AL,2015,79.2
YR,F,Y1,AM,2015,77.9
YR,F,Y1,AT,2015,83.0
YR,F,Y1,AZ,2015,77.5
YR,F,Y1,BE,2015,82.6
YR,F,Y1,BG,2015,77.6
YR,F,Y1,BY,2015,78.2
YR,F,Y1,CH,2015,84.4
YR,F,Y1,CY,2015,82.9
YR,F,Y1,CZ,2015,80.8
YR,F,Y1,DE,2015,82.4
YR,F,Y1,DE_TOT,2015,82.4
YR,F,Y1,DK,2015,82.0
YR,F,Y1,EA18,2015,83.5
YR,F,Y1,EA19,2015,83.5
YR,F,Y1,EE,2015,81.4
YR,F,Y1,EEA30_2007,2015,82.6
YR,F,Y1,EEA31,2015,82.5
YR,F,Y1,EFTA,2015,84.0
YR,F,Y1,EL,2015,83.1
YR,F,Y1,ES,2015,85.0
YR,F,Y1,EU27_2007,2015,82.6
YR,F,Y1,EU27_2020,2015,82.6
YR,F,Y1,EU28,2015,82.5
YR,F,Y1,FI,2015,83.6
YR,F,Y1,FR,2015,84.9
YR,F,Y1,GE,2015,77.0
YR,F,Y1,HR,2015,79.8
YR,F,Y1,HU,2015,78.3
YR,F,Y1,IE,2015,82.6
YR,F,Y1,IS,2015,83.0
YR,F,Y1,IT,2015,84.1
YR,F,Y1,LI,2015,83.5
YR,F,Y1,LT,2015,79.0
YR,F,Y1,LU,2015,83.8
YR,F,Y1,LV,2015,78.7
YR,F,Y1,ME,2015,77.8
YR,F,Y1,MK,2015,77.0
YR,F,Y1,MT,2015,83.5
YR,F,Y1,NL,2015,82.5
YR,F,Y1,NO,2015,83.4
YR,F,Y1,PL,2015,80.9
YR,F,Y1,PT,2015,83.5
YR,F,Y1,RO,2015,78.2
YR,F,Y1,RS,2015,77.3
YR,F,Y1,SE,2015,83.3
YR,F,Y1,SI,2015,83.0
YR,F,Y1,SK,2015,79.6
YR,F,Y1,TR,2015,80.8
YR,F,Y1,UA,2015,76.8
YR,F,Y1,UK,2015,82.1
YR,F,Y1,AL,2014,79.8
YR,F,Y1,AT,2014,83.3
YR,F,Y1,AZ,2014,77.0
YR,F,Y1,BE,2014,83.1
YR,F,Y1,BG,2014,77.6
YR,F,Y1,BY,2014,77.8
YR,F,Y1,CH,2014,84.7
YR,F,Y1,CY,2014,83.4
YR,F,Y1,CZ,2014,81.1
YR,F,Y1,DE,2014,82.8
YR,F,Y1,DE_TOT,2014,82.8
YR,F,Y1,DK,2014,82.1
YR,F,Y1,EA18,2014,84.0
YR,F,Y1,EA19,2014,83.9
YR,F,Y1,EE,2014,81.1
YR,F,Y1,EEA30_2007,2014,83.0
YR,F,Y1,EEA31,2014,82.9
YR,F,Y1,EFTA,2014,84.2
YR,F,Y1,EL,2014,83.4
YR,F,Y1,ES,2014,85.4
YR,F,Y1,EU27_2007,2014,82.9
YR,F,Y1,EU27_2020,2014,83.0
YR,F,Y1,EU28,2014,82.9
YR,F,Y1,FI,2014,83.3
YR,F,Y1,FR,2014,85.4
YR,F,Y1,GE,2014,78.0
YR,F,Y1,HR,2014,80.4
YR,F,Y1,HU,2014,78.7
YR,F,Y1,IE,2014,82.7
YR,F,Y1,IS,2014,83.8
YR,F,Y1,IT,2014,84.8
YR,F,Y1,LI,2014,82.7
YR,F,Y1,LT,2014,79.4
YR,F,Y1,LU,2014,84.4
YR,F,Y1,LV,2014,78.7
YR,F,Y1,ME,2014,78.2
YR,F,Y1,MK,2014,77.2
YR,F,Y1,MT,2014,83.7
YR,F,Y1,NL,2014,82.8
YR,F,Y1,NO,2014,83.4
YR,F,Y1,PL,2014,81.1
YR,F,Y1,PT,2014,83.6
YR,F,Y1,RO,2014,78.3
YR,F,Y1,RS,2014,77.3
YR,F,Y1,SE,2014,83.3
YR,F,Y1,SI,2014,83.3
YR,F,Y1,SK,2014,80.0
YR,F,Y1,TR,2014,80.8
YR,F,Y1,UA,2014,76.3
YR,F,Y1,UK,2014,82.5
YR,F,Y1,AL,2013,79.6
YR,F,Y1,AT,2013,83.0
YR,F,Y1,AZ,2013,76.9
YR,F,Y1,BE,2013,82.5
YR,F,Y1,BG,2013,78.1
YR,F,Y1,BY,2013,77.3
YR,F,Y1,CH,2013,84.3
YR,F,Y1,CY,2013,84.0
YR,F,Y1,CZ,2013,80.5
YR,F,Y1,DE,2013,82.3
YR,F,Y1,DE_TOT,2013,82.3
YR,F,Y1,DK,2013,81.7
YR,F,Y1,EA18,2013,83.6
YR,F,Y1,EA19,2013,83.5
YR,F,Y1,EE,2013,80.8
YR,F,Y1,EEA30_2007,2013,82.6
YR,F,Y1,EEA31,2013,82.6
YR,F,Y1,EFTA,2013,83.8
YR,F,Y1,EL,2013,83.3
YR,F,Y1,ES,2013,85.3
YR,F,Y1,EU27_2007,2013,82.6
YR,F,Y1,EU27_2020,2013,82.6
YR,F,Y1,EU28,2013,82.6
YR,F,Y1,FI,2013,83.2
YR,F,Y1,FR,2013,84.9
YR,F,Y1,HR,2013,80.3
YR,F,Y1,HU,2013,78.5
YR,F,Y1,IE,2013,82.3
YR,F,Y1,IS,2013,82.9
YR,F,Y1,IT,2013,84.4
YR,F,Y1,LI,2013,83.9
YR,F,Y1,LT,2013,78.8
YR,F,Y1,LU,2013,83.2
YR,F,Y1,LV,2013,78.3
YR,F,Y1,ME,2013,78.2
YR,F,Y1,MK,2013,77.3
YR,F,Y1,MT,2013,83.6
YR,F,Y1,NL,2013,82.5
YR,F,Y1,NO,2013,83.0
YR,F,Y1,PL,2013,80.5
YR,F,Y1,PT,2013,83.2
YR,F,Y1,RO,2013,78.4
YR,F,Y1,RS,2013,77.3
YR,F,Y1,SE,2013,83.0
YR,F,Y1,SI,2013,82.9
YR,F,Y1,SK,2013,79.6
YR,F,Y1,TR,2013,80.9
YR,F,Y1,UK,2013,82.2
YR,F,Y1,AT,2012,82.8
YR,F,Y1,AZ,2012,76.5
YR,F,Y1,BE,2012,82.4
YR,F,Y1,BG,2012,77.4
YR,F,Y1,BY,2012,77.1
YR,F,Y1,CH,2012,84.2
YR,F,Y1,CY,2012,82.6
YR,F,Y1,CZ,2012,80.4
YR,F,Y1,DE,2012,82.4
YR,F,Y1,DE_TOT,2012,82.4
YR,F,Y1,DK,2012,81.4
YR,F,Y1,EA18,2012,83.3
YR,F,Y1,EA19,2012,83.3
YR,F,Y1,EE,2012,80.9
YR,F,Y1,EEA30_2007,2012,82.4
YR,F,Y1,EEA31,2012,82.3
YR,F,Y1,EFTA,2012,83.6
YR,F,Y1,EL,2012,82.6
YR,F,Y1,ES,2012,84.7
YR,F,Y1,EU27_2007,2012,82.4
YR,F,Y1,EU27_2020,2012,82.4
YR,F,Y1,EU28,2012,82.3
YR,F,Y1,FI,2012,82.9
YR,F,Y1,FR,2012,84.7
YR,F,Y1,FX,2012,84.7
YR,F,Y1,HR,2012,79.9
YR,F,Y1,HU,2012,78.1
YR,F,Y1,IE,2012,82.3
YR,F,Y1,IS,2012,83.4
YR,F,Y1,IT,2012,84.0
YR,F,Y1,LI,2012,84.7
YR,F,Y1,LT,2012,78.9
YR,F,Y1,LU,2012,83.0
YR,F,Y1,LV,2012,78.3
YR,F,Y1,MD,2012,74.7
YR,F,Y1,ME,2012,77.6
YR,F,Y1,MK,2012,76.7
YR,F,Y1,MT,2012,82.5
YR,F,Y1,NL,2012,82.3
YR,F,Y1,NO,2012,82.6
YR,F,Y1,PL,2012,80.4
YR,F,Y1,PT,2012,82.9
YR,F,Y1,RO,2012,77.8
YR,F,Y1,RS,2012,77.0
YR,F,Y1,SE,2012,82.8
YR,F,Y1,SI,2012,82.5
YR,F,Y1,SK,2012,79.3
YR,F,Y1,SM,2012,85.8
YR,F,Y1,TR,2012,80.4
YR,F,Y1,UA,2012,75.7
YR,F,Y1,UK,2012,82.1
YR,F,Y1,AT,2011,83.1
YR,F,Y1,BE,2011,82.5
YR,F,Y1,BG,2011,77.4
YR,F,Y1,BY,2011,76.2
YR,F,Y1,CH,2011,84.3
YR,F,Y1,CY,2011,82.3
YR,F,Y1,CZ,2011,80.3
YR,F,Y1,DE,2011,82.3
YR,F,Y1,DE_TOT,2011,82.3
YR,F,Y1,DK,2011,81.2
YR,F,Y1,EA18,2011,83.4
YR,F,Y1,EA19,2011,83.4
YR,F,Y1,EE,2011,80.5
YR,F,Y1,EEA30_2007,2011,82.4
YR,F,Y1,EEA31,2011,82.4
YR,F,Y1,EFTA,2011,83.7
YR,F,Y1,EL,2011,82.8
YR,F,Y1,ES,2011,84.8
YR,F,Y1,EU27_2007,2011,82.4
YR,F,Y1,EU27_2020,2011,82.4
YR,F,Y1,EU28,2011,82.4
YR,F,Y1,FI,2011,83.0
YR,F,Y1,FR,2011,85.0
YR,F,Y1,FX,2011,85.0
YR,F,Y1,GE,2011,78.4
YR,F,Y1,HR,2011,79.7
YR,F,Y1,HU,2011,78.1
YR,F,Y1,IE,2011,82.3
YR,F,Y1,IS,2011,83.2
YR,F,Y1,IT,2011,84.1
YR,F,Y1,LI,2011,83.7
YR,F,Y1,LT,2011,78.6
YR,F,Y1,LU,2011,82.8
YR,F,Y1,LV,2011,78.2
YR,F,Y1,MD,2011,74.6
YR,F,Y1,ME,2011,78.0
YR,F,Y1,MK,2011,76.8
YR,F,Y1,MT,2011,82.6
YR,F,Y1,NL,2011,82.4
YR,F,Y1,NO,2011,82.7
YR,F,Y1,PL,2011,80.4
YR,F,Y1,PT,2011,83.1
YR,F,Y1,RO,2011,77.8
YR,F,Y1,RS,2011,76.7
YR,F,Y1,SE,2011,83.0
YR,F,Y1,SI,2011,82.5
YR,F,Y1,SK,2011,79.2
YR,F,Y1,TR,2011,79.7
YR,F,Y1,UA,2011,75.6
YR,F,Y1,UK,2011,82.3
YR,F,Y1,AT,2010,82.8
YR,F,Y1,AZ,2010,75.8
YR,F,Y1,BE,2010,82.2
YR,F,Y1,BG,2010,77.0
YR,F,Y1,CH,2010,84.2
YR,F,Y1,CY,2010,83.1
YR,F,Y1,CZ,2010,80.1
YR,F,Y1,DE,2010,82.2
YR,F,Y1,DE_TOT,2010,82.2
YR,F,Y1,DK,2010,80.7
YR,F,Y1,EA18,2010,83.2
YR,F,Y1,EA19,2010,83.2
YR,F,Y1,EE,2010,80.0
YR,F,Y1,EEA30_2007,2010,82.2
YR,F,Y1,EEA31,2010,82.1
YR,F,Y1,EFTA,2010,83.6
YR,F,Y1,EL,2010,82.6
YR,F,Y1,ES,2010,84.7
YR,F,Y1,EU27_2007,2010,82.2
YR,F,Y1,EU27_2020,2010,82.2
YR,F,Y1,EU28,2010,82.1
YR,F,Y1,FI,2010,82.7
YR,F,Y1,FR,2010,84.5
YR,F,Y1,FX,2010,84.6
YR,F,Y1,GE,2010,78.6
YR,F,Y1,HR,2010,79.2
YR,F,Y1,HU,2010,78.0
YR,F,Y1,IE,2010,82.3
YR,F,Y1,IS,2010,83.3
YR,F,Y1,IT,2010,84.0
YR,F,Y1,LI,2010,83.3
YR,F,Y1,LT,2010,78.3
YR,F,Y1,LU,2010,82.8
YR,F,Y1,LV,2010,77.4
YR,F,Y1,MD,2010,73.2
YR,F,Y1,ME,2010,78.0
YR,F,Y1,MK,2010,76.7
YR,F,Y1,MT,2010,83.0
YR,F,Y1,NL,2010,82.3
YR,F,Y1,NO,2010,82.5
YR,F,Y1,PL,2010,80.1
YR,F,Y1,PT,2010,82.4
YR,F,Y1,RO,2010,77.4
YR,F,Y1,RS,2010,76.4
YR,F,Y1,RU,2010,74.4
YR,F,Y1,SE,2010,82.8
YR,F,Y1,SI,2010,82.3
YR,F,Y1,SK,2010,78.7
YR,F,Y1,TR,2010,79.4
YR,F,Y1,UA,2010,74.9
YR,F,Y1,UK,2010,81.9
YR,F,Y1,AM,2009,76.5
YR,F,Y1,AT,2009,82.5
YR,F,Y1,AZ,2009,76.1
YR,F,Y1,BE,2009,82.1
YR,F,Y1,BG,2009,77.1
YR,F,Y1,CH,2009,83.9
YR,F,Y1,CY,2009,82.6
YR,F,Y1,CZ,2009,79.7
YR,F,Y1,DE,2009,82.1
YR,F,Y1,DE_TOT,2009,82.1
YR,F,Y1,DK,2009,80.3
YR,F,Y1,EA18,2009,82.9
YR,F,Y1,EA19,2009,82.9
YR,F,Y1,EE,2009,79.5
YR,F,Y1,EEA30_2007,2009,81.9
YR,F,Y1,EEA31,2009,81.9
YR,F,Y1,EFTA,2009,83.4
YR,F,Y1,EL,2009,82.5
YR,F,Y1,ES,2009,84.3
YR,F,Y1,EU27_2007,2009,81.9
YR,F,Y1,EU27_2020,2009,81.9
YR,F,Y1,EU28,2009,81.9
YR,F,Y1,FI,2009,82.7
YR,F,Y1,FR,2009,84.3
YR,F,Y1,FX,2009,84.3
YR,F,Y1,GE,2009,77.6
YR,F,Y1,HR,2009,79.1
YR,F,Y1,HU,2009,77.8
YR,F,Y1,IE,2009,81.9
YR,F,Y1,IS,2009,83.0
YR,F,Y1,IT,2009,83.6
YR,F,Y1,LI,2009,83.1
YR,F,Y1,LT,2009,78.1
YR,F,Y1,LU,2009,82.6
YR,F,Y1,LV,2009,77.3
YR,F,Y1,MD,2009,73.3
YR,F,Y1,ME,2009,76.9
YR,F,Y1,MK,2009,76.5
YR,F,Y1,MT,2009,82.2
YR,F,Y1,NL,2009,82.2
YR,F,Y1,NO,2009,82.5
YR,F,Y1,PL,2009,79.5
YR,F,Y1,PT,2009,82.1
YR,F,Y1,RO,2009,77.5
YR,F,Y1,RS,2009,76.2
YR,F,Y1,RU,2009,74.3
YR,F,Y1,SE,2009,82.7
YR,F,Y1,SI,2009,81.9
YR,F,Y1,SK,2009,78.5
YR,F,Y1,TR,2009,78.9
YR,F,Y1,UK,2009,81.8
YR,F,Y1,AM,2008,76.4
YR,F,Y1,AT,2008,82.5
YR,F,Y1,AZ,2008,76.1
YR,F,Y1,BE,2008,81.8
YR,F,Y1,BG,2008,76.7
YR,F,Y1,CH,2008,83.9
YR,F,Y1,CY,2008,82.0
YR,F,Y1,CZ,2008,79.7
YR,F,Y1,DE,2008,81.9
YR,F,Y1,DE_TOT,2008,81.9
YR,F,Y1,DK,2008,80.3
YR,F,Y1,EA18,2008,82.7
YR,F,Y1,EA19,2008,82.7
YR,F,Y1,EE,2008,78.9
YR,F,Y1,EEA30_2007,2008,81.7
YR,F,Y1,EEA31,2008,81.7
YR,F,Y1,EFTA,2008,83.3
YR,F,Y1,EL,2008,82.3
YR,F,Y1,ES,2008,83.9
YR,F,Y1,EU27_2007,2008,81.7
YR,F,Y1,EU27_2020,2008,81.7
YR,F,Y1,EU28,2008,81.7
YR,F,Y1,FI,2008,82.5
YR,F,Y1,FR,2008,84.1
YR,F,Y1,FX,2008,84.1
YR,F,Y1,GE,2008,79.2
YR,F,Y1,HR,2008,78.9
YR,F,Y1,HU,2008,77.6
YR,F,Y1,IE,2008,81.7
YR,F,Y1,IS,2008,82.4
YR,F,Y1,IT,2008,83.5
YR,F,Y1,LI,2008,84.5
YR,F,Y1,LT,2008,77.1
YR,F,Y1,LU,2008,82.2
YR,F,Y1,LV,2008,76.9
YR,F,Y1,MD,2008,73.1
YR,F,Y1,ME,2008,77.2
YR,F,Y1,MK,2008,76.2
YR,F,Y1,MT,2008,81.9
YR,F,Y1,NL,2008,81.8
YR,F,Y1,NO,2008,82.4
YR,F,Y1,PL,2008,79.4
YR,F,Y1,PT,2008,81.9
YR,F,Y1,RO,2008,77.3
YR,F,Y1,RS,2008,76.1
YR,F,Y1,RU,2008,73.8
YR,F,Y1,SE,2008,82.5
YR,F,Y1,SI,2008,81.8
YR,F,Y1,SK,2008,78.4
YR,F,Y1,UA,2008,73.6
YR,F,Y1,UK,2008,81.2
YR,F,Y1,AM,2007,76.5
YR,F,Y1,AT,2007,82.3
YR,F,Y1,AZ,2007,75.4
YR,F,Y1,BE,2007,81.9
YR,F,Y1,BG,2007,76.3
YR,F,Y1,CH,2007,83.7
YR,F,Y1,CY,2007,81.4
YR,F,Y1,CZ,2007,79.4
YR,F,Y1,DE,2007,82.0
YR,F,Y1,DE_TOT,2007,82.0
YR,F,Y1,DK,2007,79.9
YR,F,Y1,EA18,2007,82.7
YR,F,Y1,EA19,2007,82.6
YR,F,Y1,EE,2007,78.3
YR,F,Y1,EEA30_2007,2007,81.5
YR,F,Y1,EEA31,2007,81.5
YR,F,Y1,EFTA,2007,83.1
YR,F,Y1,EL,2007,81.8
YR,F,Y1,ES,2007,83.7
YR,F,Y1,EU27_2007,2007,81.5
YR,F,Y1,EU27_2020,2007,81.6
YR,F,Y1,EU28,2007,81.5
YR,F,Y1,FI,2007,82.3
YR,F,Y1,FR,2007,84.1
YR,F,Y1,FX,2007,84.1
YR,F,Y1,GE,2007,79.3
YR,F,Y1,HR,2007,78.7
YR,F,Y1,HU,2007,77.2
YR,F,Y1,IE,2007,81.3
YR,F,Y1,IS,2007,82.5
YR,F,Y1,IT,2007,83.4
YR,F,Y1,LI,2007,82.6
YR,F,Y1,LT,2007,76.7
YR,F,Y1,LU,2007,81.3
YR,F,Y1,LV,2007,75.9
YR,F,Y1,MD,2007,72.5
YR,F,Y1,ME,2007,76.4
YR,F,Y1,MK,2007,75.6
YR,F,Y1,MT,2007,81.9
YR,F,Y1,NL,2007,81.8
YR,F,Y1,NO,2007,82.1
YR,F,Y1,PL,2007,79.2
YR,F,Y1,PT,2007,81.7
YR,F,Y1,RO,2007,76.7
YR,F,Y1,RS,2007,75.9
YR,F,Y1,RU,2007,73.5
YR,F,Y1,SE,2007,82.3
YR,F,Y1,SI,2007,81.3
YR,F,Y1,SK,2007,77.9
YR,F,Y1,UA,2007,73.4
YR,F,Y1,UK,2007,81.2
YR,F,Y1,AM,2006,75.9
YR,F,Y1,AT,2006,82.0
YR,F,Y1,AZ,2006,75.1
YR,F,Y1,BE,2006,81.6
YR,F,Y1,BG,2006,76.1
YR,F,Y1,CH,2006,83.6
YR,F,Y1,CY,2006,81.3
YR,F,Y1,CZ,2006,79.1
YR,F,Y1,DE,2006,81.7
YR,F,Y1,DE_TOT,2006,81.7
YR,F,Y1,DK,2006,80.0
YR,F,Y1,EA18,2006,82.5
YR,F,Y1,EA19,2006,82.4
YR,F,Y1,EE,2006,77.9
YR,F,Y1,EEA30_2007,2006,81.4
YR,F,Y1,EEA31,2006,81.3
YR,F,Y1,EFTA,2006,83.0
YR,F,Y1,EL,2006,82.0
YR,F,Y1,ES,2006,83.7
YR,F,Y1,EU27_2007,2006,81.4
YR,F,Y1,EU27_2020,2006,81.4
YR,F,Y1,EU28,2006,81.3
YR,F,Y1,FI,2006,82.3
YR,F,Y1,FR,2006,83.7
YR,F,Y1,FX,2006,83.8
YR,F,Y1,GE,2006,78.7
YR,F,Y1,HR,2006,78.8
YR,F,Y1,HU,2006,77.2
YR,F,Y1,IE,2006,80.9
YR,F,Y1,IS,2006,82.1
YR,F,Y1,IT,2006,83.3
YR,F,Y1,LI,2006,82.6
YR,F,Y1,LT,2006,76.6
YR,F,Y1,LU,2006,81.0
YR,F,Y1,LV,2006,75.6
YR,F,Y1,MD,2006,72.2
YR,F,Y1,ME,2006,76.2
YR,F,Y1,MK,2006,76.0
YR,F,Y1,MT,2006,81.2
YR,F,Y1,NL,2006,81.4
YR,F,Y1,NO,2006,82.1
YR,F,Y1,PL,2006,79.1
YR,F,Y1,PT,2006,81.7
YR,F,Y1,RO,2006,76.1
YR,F,Y1,RS,2006,75.6
YR,F,Y1,RU,2006,72.9
YR,F,Y1,SE,2006,82.3
YR,F,Y1,SI,2006,81.3
YR,F,Y1,SK,2006,77.9
YR,F,Y1,UA,2006,73.4
YR,F,Y1,UK,2006,81.0
YR,F,Y1,AT,2005,81.6
YR,F,Y1,BE,2005,81.1
YR,F,Y1,BG,2005,76.0
YR,F,Y1,CH,2005,83.3
YR,F,Y1,CY,2005,80.2
YR,F,Y1,CZ,2005,78.5
YR,F,Y1,DE,2005,81.3
YR,F,Y1,DE_TOT,2005,81.3
YR,F,Y1,DK,2005,79.8
YR,F,Y1,EA18,2005,82.0
YR,F,Y1,EA19,2005,81.9
YR,F,Y1,EE,2005,77.6
YR,F,Y1,EEA30_2007,2005,80.9
YR,F,Y1,EEA31,2005,80.9
YR,F,Y1,EFTA,2005,82.8
YR,F,Y1,EL,2005,81.8
YR,F,Y1,ES,2005,82.9
YR,F,Y1,EU27_2007,2005,80.9
YR,F,Y1,EU27_2020,2005,80.9
YR,F,Y1,EU28,2005,80.9
YR,F,Y1,FI,2005,81.7
YR,F,Y1,FR,2005,83.1
YR,F,Y1,FX,2005,83.1
YR,F,Y1,HR,2005,78.3
YR,F,Y1,HU,2005,76.6
YR,F,Y1,IE,2005,80.7
YR,F,Y1,IS,2005,82.7
YR,F,Y1,IT,2005,82.8
YR,F,Y1,LI,2005,83.1
YR,F,Y1,LT,2005,76.9
YR,F,Y1,LU,2005,81.6
YR,F,Y1,LV,2005,75.9
YR,F,Y1,ME,2005,76.3
YR,F,Y1,MK,2005,75.8
YR,F,Y1,MT,2005,80.8
YR,F,Y1,NL,2005,81.1
YR,F,Y1,NO,2005,82.0
YR,F,Y1,PL,2005,78.8
YR,F,Y1,PT,2005,80.8
YR,F,Y1,RO,2005,75.5
YR,F,Y1,RS,2005,75.1
YR,F,Y1,SE,2005,82.1
YR,F,Y1,SI,2005,80.2
YR,F,Y1,SK,2005,77.6
YR,F,Y1,UK,2005,80.6
YR,F,Y1,AT,2004,81.4
YR,F,Y1,BE,2004,81.2
YR,F,Y1,BG,2004,76.0
YR,F,Y1,CH,2004,83.1
YR,F,Y1,CY,2004,81.0
YR,F,Y1,CZ,2004,78.4
YR,F,Y1,DE,2004,81.2
YR,F,Y1,DE_TOT,2004,81.2
YR,F,Y1,DK,2004,79.5
YR,F,Y1,EA18,2004,82.0
YR,F,Y1,EA19,2004,81.9
YR,F,Y1,EE,2004,77.5
YR,F,Y1,EEA30_2007,2004,80.9
YR,F,Y1,EEA31,2004,80.8
YR,F,Y1,EFTA,2004,82.6
YR,F,Y1,EL,2004,81.6
YR,F,Y1,ES,2004,83.0
YR,F,Y1,EU27_2007,2004,80.9
YR,F,Y1,EU27_2020,2004,80.9
YR,F,Y1,EU28,2004,80.8
YR,F,Y1,FI,2004,81.7
YR,F,Y1,FR,2004,83.1
YR,F,Y1,FX,2004,83.2
YR,F,Y1,HR,2004,78.3
YR,F,Y1,HU,2004,76.6
YR,F,Y1,IE,2004,80.5
YR,F,Y1,IS,2004,82.4
YR,F,Y1,IT,2004,83.0
YR,F,Y1,LI,2004,84.6
YR,F,Y1,LT,2004,77.3
YR,F,Y1,LU,2004,81.7
YR,F,Y1,LV,2004,75.8
YR,F,Y1,MK,2004,75.7
YR,F,Y1,MT,2004,80.6
YR,F,Y1,NL,2004,80.8
YR,F,Y1,NO,2004,81.8
YR,F,Y1,PL,2004,78.7
YR,F,Y1,PT,2004,81.0
YR,F,Y1,RO,2004,75.2
YR,F,Y1,RS,2004,75.0
YR,F,Y1,SE,2004,82.0
YR,F,Y1,SI,2004,80.1
YR,F,Y1,SK,2004,77.5
YR,F,Y1,UK,2004,80.5
YR,F,Y1,AT,2003,80.8
YR,F,Y1,BE,2003,80.4
YR,F,Y1,BG,2003,75.7
YR,F,Y1,CH,2003,82.5
YR,F,Y1,CY,2003,80.5
YR,F,Y1,CZ,2003,77.8
YR,F,Y1,DE,2003,80.6
YR,F,Y1,DE_TOT,2003,80.6
YR,F,Y1,DK,2003,79.1
YR,F,Y1,EA18,2003,81.2
YR,F,Y1,EA19,2003,81.2
YR,F,Y1,EE,2003,76.7
YR,F,Y1,EEA30_2007,2003,80.2
YR,F,Y1,EEA31,2003,80.2
YR,F,Y1,EFTA,2003,82.1
YR,F,Y1,EL,2003,81.3
YR,F,Y1,ES,2003,82.3
YR,F,Y1,EU27_2007,2003,80.2
YR,F,Y1,EU27_2020,2003,80.2
YR,F,Y1,EU28,2003,80.2
YR,F,Y1,FI,2003,81.2
YR,F,Y1,FR,2003,82.0
YR,F,Y1,FX,2003,82.1
YR,F,Y1,HR,2003,77.5
YR,F,Y1,HU,2003,76.2
YR,F,Y1,IE,2003,80.0
YR,F,Y1,IS,2003,81.7
YR,F,Y1,IT,2003,82.1
YR,F,Y1,LI,2003,81.1
YR,F,Y1,LT,2003,77.1
YR,F,Y1,LU,2003,80.2
YR,F,Y1,LV,2003,75.3
YR,F,Y1,MK,2003,75.6
YR,F,Y1,MT,2003,80.0
YR,F,Y1,NL,2003,80.3
YR,F,Y1,NO,2003,81.3
YR,F,Y1,PL,2003,78.3
YR,F,Y1,PT,2003,80.1
YR,F,Y1,RO,2003,74.9
YR,F,Y1,RS,2003,74.7
YR,F,Y1,SE,2003,81.7
YR,F,Y1,SI,2003,79.6
YR,F,Y1,SK,2003,77.3
YR,F,Y1,UK,2003,79.9
YR,F,Y1,AT,2002,81.0
YR,F,Y1,BE,2002,80.5
YR,F,Y1,BG,2002,75.5
YR,F,Y1,CH,2002,82.5
YR,F,Y1,CY,2002,80.4
YR,F,Y1,CZ,2002,78.0
YR,F,Y1,DE,2002,80.7
YR,F,Y1,DE_TOT,2002,80.7
YR,F,Y1,DK,2002,78.7
YR,F,Y1,EA18,2002,81.4
YR,F,Y1,EA19,2002,81.3
YR,F,Y1,EE,2002,76.5
YR,F,Y1,EEA30_2007,2002,80.3
YR,F,Y1,EEA31,2002,80.3
YR,F,Y1,EFTA,2002,81.9
YR,F,Y1,EL,2002,81.3
YR,F,Y1,ES,2002,82.6
YR,F,Y1,EU27_2007,2002,80.3
YR,F,Y1,EU27_2020,2002,80.3
YR,F,Y1,EU28,2002,80.3
YR,F,Y1,FI,2002,80.8
YR,F,Y1,FR,2002,82.3
YR,F,Y1,FX,2002,82.3
YR,F,Y1,HR,2002,77.8
YR,F,Y1,HU,2002,76.3
YR,F,Y1,IE,2002,79.8
YR,F,Y1,IS,2002,81.6
YR,F,Y1,IT,2002,82.5
YR,F,Y1,LI,2002,81.7
YR,F,Y1,LT,2002,76.9
YR,F,Y1,LU,2002,80.9
YR,F,Y1,LV,2002,75.5
YR,F,Y1,MK,2002,75.5
YR,F,Y1,MT,2002,80.7
YR,F,Y1,NL,2002,80.1
YR,F,Y1,NO,2002,80.8
YR,F,Y1,PL,2002,78.3
YR,F,Y1,PT,2002,80.2
YR,F,Y1,RO,2002,74.8
YR,F,Y1,RS,2002,74.6
YR,F,Y1,SE,2002,81.4
YR,F,Y1,SI,2002,79.7
YR,F,Y1,SK,2002,77.3
YR,F,Y1,UK,2002,79.9
YR,F,Y1,AT,2001,81.0
YR,F,Y1,BE,2001,80.6
YR,F,Y1,BG,2001,75.4
YR,F,Y1,CH,2001,82.6
YR,F,Y1,CY,2001,80.8
YR,F,Y1,CZ,2001,77.8
YR,F,Y1,DE,2001,80.7
YR,F,Y1,DE_TOT,2001,80.7
YR,F,Y1,DK,2001,78.7
YR,F,Y1,EE,2001,76.1
YR,F,Y1,EFTA,2001,81.9
YR,F,Y1,EL,2001,81.2
YR,F,Y1,ES,2001,82.5
YR,F,Y1,FI,2001,80.9
YR,F,Y1,FR,2001,82.3
YR,F,Y1,FX,2001,82.4
YR,F,Y1,HR,2001,77.7
YR,F,Y1,HU,2001,76.2
YR,F,Y1,IE,2001,79.3
YR,F,Y1,IS,2001,82.5
YR,F,Y1,IT,2001,82.5
YR,F,Y1,LI,2001,81.4
YR,F,Y1,LT,2001,76.8
YR,F,Y1,LU,2001,80.1
YR,F,Y1,MK,2001,75.9
YR,F,Y1,MT,2001,80.4
YR,F,Y1,NL,2001,80.2
YR,F,Y1,NO,2001,80.9
YR,F,Y1,PL,2001,77.9
YR,F,Y1,PT,2001,80.1
YR,F,Y1,RO,2001,75.1
YR,F,Y1,RS,2001,74.7
YR,F,Y1,SE,2001,81.4
YR,F,Y1,SI,2001,79.7
YR,F,Y1,SK,2001,77.1
YR,F,Y1,UK,2001,79.9
YR,F,Y1,AT,2000,80.6
YR,F,Y1,BE,2000,80.4
YR,F,Y1,BG,2000,74.9
YR,F,Y1,CH,2000,82.1
YR,F,Y1,CY,2000,79.5
YR,F,Y1,CZ,2000,77.7
YR,F,Y1,DE,2000,80.5
YR,F,Y1,DE_TOT,2000,80.5
YR,F,Y1,DK,2000,78.6
YR,F,Y1,EE,2000,75.9
YR,F,Y1,EFTA,2000,81.6
YR,F,Y1,EL,2000,80.7
YR,F,Y1,ES,2000,82.2
YR,F,Y1,FI,2000,80.4
YR,F,Y1,FR,2000,82.3
YR,F,Y1,FX,2000,82.3
YR,F,Y1,HU,2000,75.8
YR,F,Y1,IE,2000,78.6
YR,F,Y1,IS,2000,80.7
YR,F,Y1,IT,2000,82.1
YR,F,Y1,LI,2000,79.4
YR,F,Y1,LT,2000,77.0
YR,F,Y1,LU,2000,80.7
YR,F,Y1,MK,2000,75.2
YR,F,Y1,MT,2000,79.9
YR,F,Y1,NL,2000,80.0
YR,F,Y1,NO,2000,80.8
YR,F,Y1,PL,2000,77.6
YR,F,Y1,PT,2000,79.8
YR,F,Y1,RO,2000,75.0
YR,F,Y1,RS,2000,74.1
YR,F,Y1,SE,2000,81.3
YR,F,Y1,SI,2000,79.2
YR,F,Y1,SK,2000,77.0
YR,F,Y1,UK,2000,79.7
YR,F,Y1,AT,1999,80.3
YR,F,Y1,BE,1999,80.3
YR,F,Y1,BG,1999,75.0
YR,F,Y1,CH,1999,82.0
YR,F,Y1,CY,1999,79.3
YR,F,Y1,CZ,1999,77.6
YR,F,Y1,DE,1999,80.3
YR,F,Y1,DE_TOT,1999,80.3
YR,F,Y1,DK,1999,78.2
YR,F,Y1,EE,1999,75.7
YR,F,Y1,EFTA,1999,81.4
YR,F,Y1,EL,1999,80.5
YR,F,Y1,ES,1999,81.7
YR,F,Y1,FI,1999,80.5
YR,F,Y1,FR,1999,82.0
YR,F,Y1,FX,1999,82.1
YR,F,Y1,HU,1999,75.1
YR,F,Y1,IE,1999,78.3
YR,F,Y1,IS,1999,80.6
YR,F,Y1,IT,1999,82.0
YR,F,Y1,LI,1999,82.7
YR,F,Y1,LT,1999,76.7
YR,F,Y1,LU,1999,80.7
YR,F,Y1,MK,1999,75.3
YR,F,Y1,MT,1999,79.2
YR,F,Y1,NL,1999,79.9
YR,F,Y1,NO,1999,80.5
YR,F,Y1,PL,1999,77.1
YR,F,Y1,PT,1999,79.2
YR,F,Y1,RO,1999,74.5
YR,F,Y1,SE,1999,81.2
YR,F,Y1,SI,1999,78.8
YR,F,Y1,SK,1999,76.9
YR,F,Y1,UK,1999,79.3
YR,F,Y1,AT,1998,80.3
YR,F,Y1,BE,1998,80.1
YR,F,Y1,BG,1998,74.6
YR,F,Y1,CH,1998,82.0
YR,F,Y1,CY,1998,79.3
YR,F,Y1,CZ,1998,77.5
YR,F,Y1,DE,1998,80.1
YR,F,Y1,DE_TOT,1998,80.1
YR,F,Y1,DK,1998,78.4
YR,F,Y1,EE,1998,75.0
YR,F,Y1,EFTA,1998,81.5
YR,F,Y1,EL,1998,80.4
YR,F,Y1,ES,1998,81.7
YR,F,Y1,FI,1998,80.3
YR,F,Y1,FR,1998,82.0
YR,F,Y1,FX,1998,82.0
YR,F,Y1,HU,1998,75.2
YR,F,Y1,IE,1998,78.5
YR,F,Y1,IS,1998,80.9
YR,F,Y1,IT,1998,81.5
YR,F,Y1,LI,1998,81.5
YR,F,Y1,LT,1998,76.3
YR,F,Y1,LU,1998,80.2
YR,F,Y1,MK,1998,74.8
YR,F,Y1,MT,1998,79.8
YR,F,Y1,NL,1998,80.1
YR,F,Y1,NO,1998,80.7
YR,F,Y1,PL,1998,77.0
YR,F,Y1,PT,1998,79.1
YR,F,Y1,RO,1998,74.2
YR,F,Y1,SE,1998,81.4
YR,F,Y1,SI,1998,78.5
YR,F,Y1,SK,1998,76.6
YR,F,Y1,UK,1998,79.2
YR,F,Y1,AT,1997,80.1
YR,F,Y1,BE,1997,80.1
YR,F,Y1,BG,1997,73.9
YR,F,Y1,CH,1997,81.6
YR,F,Y1,CY,1997,79.6
YR,F,Y1,CZ,1997,77.0
YR,F,Y1,DE,1997,79.8
YR,F,Y1,DE_TOT,1997,79.8
YR,F,Y1,DK,1997,78.0
YR,F,Y1,EE,1997,75.6
YR,F,Y1,EFTA,1997,81.1
YR,F,Y1,EL,1997,80.5
YR,F,Y1,ES,1997,81.7
YR,F,Y1,FI,1997,80.0
YR,F,Y1,FX,1997,81.9
YR,F,Y1,HU,1997,75.2
YR,F,Y1,IE,1997,78.2
YR,F,Y1,IS,1997,80.9
YR,F,Y1,IT,1997,81.4
YR,F,Y1,LI,1997,80.6
YR,F,Y1,LT,1997,76.3
YR,F,Y1,LU,1997,79.4
YR,F,Y1,MK,1997,74.8
YR,F,Y1,MT,1997,79.9
YR,F,Y1,NL,1997,80.0
YR,F,Y1,NO,1997,80.4
YR,F,Y1,PL,1997,76.7
YR,F,Y1,PT,1997,78.8
YR,F,Y1,RO,1997,73.7
YR,F,Y1,SE,1997,81.2
YR,F,Y1,SI,1997,78.5
YR,F,Y1,SK,1997,76.5
YR,F,Y1,UK,1997,79.1
YR,F,Y1,AT,1996,79.6
YR,F,Y1,BE,1996,80.0
YR,F,Y1,BG,1996,74.5
YR,F,Y1,CH,1996,81.6
YR,F,Y1,CY,1996,79.7
YR,F,Y1,CZ,1996,76.9
YR,F,Y1,DE,1996,79.4
YR,F,Y1,DE_TOT,1996,79.4
YR,F,Y1,DK,1996,77.7
YR,F,Y1,EE,1996,75.2
YR,F,Y1,EFTA,1996,81.1
YR,F,Y1,EL,1996,80.2
YR,F,Y1,ES,1996,81.4
YR,F,Y1,FI,1996,80.0
YR,F,Y1,FX,1996,81.6
YR,F,Y1,HU,1996,74.8
YR,F,Y1,IE,1996,78.2
YR,F,Y1,IS,1996,80.5
YR,F,Y1,IT,1996,81.2
YR,F,Y1,LI,1996,80.6
YR,F,Y1,LT,1996,75.6
YR,F,Y1,LU,1996,79.6
YR,F,Y1,MK,1996,75.0
YR,F,Y1,MT,1996,79.9
YR,F,Y1,NL,1996,79.9
YR,F,Y1,NO,1996,80.5
YR,F,Y1,PL,1996,76.4
YR,F,Y1,PT,1996,78.5
YR,F,Y1,RO,1996,73.3
YR,F,Y1,SE,1996,81.0
YR,F,Y1,SI,1996,78.3
YR,F,Y1,SK,1996,76.7
YR,F,Y1,UK,1996,79.0
YR,F,Y1,AT,1995,79.5
YR,F,Y1,BE,1995,79.8
YR,F,Y1,BG,1995,74.8
YR,F,Y1,CH,1995,81.3
YR,F,Y1,CY,1995,79.3
YR,F,Y1,CZ,1995,76.2
YR,F,Y1,DE,1995,79.3
YR,F,Y1,DE_TOT,1995,79.3
YR,F,Y1,DK,1995,77.2
YR,F,Y1,EE,1995,74.3
YR,F,Y1,EFTA,1995,80.8
YR,F,Y1,EL,1995,80.0
YR,F,Y1,ES,1995,81.2
YR,F,Y1,FI,1995,79.6
YR,F,Y1,FX,1995,81.5
YR,F,Y1,HU,1995,74.5
YR,F,Y1,IE,1995,77.7
YR,F,Y1,IS,1995,79.5
YR,F,Y1,IT,1995,80.9
YR,F,Y1,LI,1995,78.9
YR,F,Y1,LT,1995,74.9
YR,F,Y1,LU,1995,80.1
YR,F,Y1,MK,1995,74.7
YR,F,Y1,MT,1995,79.3
YR,F,Y1,NL,1995,79.9
YR,F,Y1,NO,1995,80.2
YR,F,Y1,PL,1995,76.3
YR,F,Y1,PT,1995,78.5
YR,F,Y1,RO,1995,73.8
YR,F,Y1,SE,1995,80.9
YR,F,Y1,SI,1995,77.9
YR,F,Y1,SK,1995,76.2
YR,F,Y1,UK,1995,78.7
YR,F,Y1,AT,1994,79.2
YR,F,Y1,BE,1994,79.7
YR,F,Y1,BG,1994,74.9
YR,F,Y1,CH,1994,81.4
YR,F,Y1,CY,1994,78.9
YR,F,Y1,CZ,1994,76.3
YR,F,Y1,DE,1994,79.1
YR,F,Y1,DE_TOT,1994,79.1
YR,F,Y1,DK,1994,77.6
YR,F,Y1,EE,1994,72.9
YR,F,Y1,EFTA,1994,80.9
YR,F,Y1,EL,1994,79.9
YR,F,Y1,ES,1994,81.2
YR,F,Y1,FI,1994,79.7
YR,F,Y1,FX,1994,81.6
YR,F,Y1,HU,1994,74.3
YR,F,Y1,IE,1994,78.0
YR,F,Y1,IS,1994,80.7
YR,F,Y1,IT,1994,80.7
YR,F,Y1,LI,1994,80.7
YR,F,Y1,LT,1994,74.8
YR,F,Y1,LU,1994,79.4
YR,F,Y1,MK,1994,74.8
YR,F,Y1,NL,1994,79.8
YR,F,Y1,NO,1994,80.1
YR,F,Y1,PL,1994,76.2
YR,F,Y1,PT,1994,78.6
YR,F,Y1,RO,1994,73.9
YR,F,Y1,SE,1994,80.9
YR,F,Y1,SI,1994,77.4
YR,F,Y1,SK,1994,76.3
YR,F,Y1,UK,1994,78.9
YR,F,Y1,AT,1993,78.9
YR,F,Y1,BE,1993,79.4
YR,F,Y1,BG,1993,75.1
YR,F,Y1,CH,1993,81.1
YR,F,Y1,CY,1993,79.4
YR,F,Y1,CZ,1993,76.1
YR,F,Y1,DE,1993,78.8
YR,F,Y1,DE_TOT,1993,78.8
YR,F,Y1,DK,1993,77.2
YR,F,Y1,EE,1993,73.9
YR,F,Y1,EL,1993,79.7
YR,F,Y1,ES,1993,80.8
YR,F,Y1,FI,1993,78.9
YR,F,Y1,FX,1993,81.1
YR,F,Y1,HU,1993,73.8
YR,F,Y1,IE,1993,77.6
YR,F,Y1,IS,1993,80.1
YR,F,Y1,IT,1993,80.5
YR,F,Y1,LT,1993,75.0
YR,F,Y1,LU,1993,79.0
YR,F,Y1,NL,1993,79.5
YR,F,Y1,NO,1993,79.7
YR,F,Y1,PL,1993,75.9
YR,F,Y1,PT,1993,77.7
YR,F,Y1,RO,1993,73.9
YR,F,Y1,SE,1993,80.2
YR,F,Y1,SI,1993,77.1
YR,F,Y1,SK,1993,76.0
YR,F,Y1,UK,1993,78.3
YR,F,Y1,AT,1992,78.8
YR,F,Y1,BE,1992,79.4
YR,F,Y1,BG,1992,74.8
YR,F,Y1,CH,1992,81.1
YR,F,Y1,CZ,1992,75.9
YR,F,Y1,DE,1992,78.7
YR,F,Y1,DE_TOT,1992,78.7
YR,F,Y1,DK,1992,77.5
YR,F,Y1,EE,1992,74.8
YR,F,Y1,EL,1992,79.3
YR,F,Y1,ES,1992,80.8
YR,F,Y1,FI,1992,78.9
YR,F,Y1,FX,1992,81.2
YR,F,Y1,HU,1992,73.9
YR,F,Y1,IE,1992,77.7
YR,F,Y1,IS,1992,80.2
YR,F,Y1,IT,1992,80.4
YR,F,Y1,LT,1992,76.1
YR,F,Y1,LU,1992,78.2
YR,F,Y1,NL,1992,79.9
YR,F,Y1,NO,1992,79.9
YR,F,Y1,PL,1992,75.7
YR,F,Y1,PT,1992,78.0
YR,F,Y1,RO,1992,73.8
YR,F,Y1,SE,1992,80.3
YR,F,Y1,SI,1992,77.2
YR,F,Y1,SK,1992,75.8
YR,F,Y1,AT,1991,78.6
YR,F,Y1,BE,1991,79.3
YR,F,Y1,BG,1991,74.5
YR,F,Y1,CH,1991,80.8
YR,F,Y1,CZ,1991,75.5
YR,F,Y1,DE,1991,78.3
YR,F,Y1,DE_TOT,1991,78.3
YR,F,Y1,DK,1991,77.6
YR,F,Y1,EE,1991,74.8
YR,F,Y1,EL,1991,79.5
YR,F,Y1,ES,1991,80.3
YR,F,Y1,FI,1991,78.9
YR,F,Y1,FX,1991,80.9
YR,F,Y1,HU,1991,74.0
YR,F,Y1,IE,1991,77.4
YR,F,Y1,IS,1991,80.7
YR,F,Y1,IT,1991,80.0
YR,F,Y1,LT,1991,75.9
YR,F,Y1,LU,1991,79.0
YR,F,Y1,NL,1991,79.7
YR,F,Y1,NO,1991,79.7
YR,F,Y1,PL,1991,75.4
YR,F,Y1,PT,1991,77.4
YR,F,Y1,RO,1991,73.9
YR,F,Y1,SE,1991,80.2
YR,F,Y1,SI,1991,76.9
YR,F,Y1,SK,1991,75.4
YR,F,Y1,AT,1990,78.6
YR,F,Y1,BE,1990,79.1
YR,F,Y1,BG,1990,74.6
YR,F,Y1,CH,1990,80.4
YR,F,Y1,CZ,1990,75.2
YR,F,Y1,DE,1990,79.8
YR,F,Y1,DE_TOT,1990,78.0
YR,F,Y1,DK,1990,77.3
YR,F,Y1,EE,1990,74.6
YR,F,Y1,EL,1990,79.3
YR,F,Y1,ES,1990,80.1
YR,F,Y1,FI,1990,78.5
YR,F,Y1,FX,1990,80.7
YR,F,Y1,HU,1990,73.8
YR,F,Y1,IE,1990,77.2
YR,F,Y1,IS,1990,80.1
YR,F,Y1,IT,1990,79.9
YR,F,Y1,LT,1990,76.0
YR,F,Y1,LU,1990,78.3
YR,F,Y1,NL,1990,79.7
YR,F,Y1,NO,1990,79.4
YR,F,Y1,PL,1990,75.6
YR,F,Y1,PT,1990,77.3
YR,F,Y1,RO,1990,73.8
YR,F,Y1,SE,1990,80.0
YR,F,Y1,SI,1990,77.3
YR,F,Y1,SK,1990,75.5
YR,F,Y1,AT,1989,78.4
YR,F,Y1,BE,1989,78.6
YR,F,Y1,BG,1989,74.8
YR,F,Y1,CH,1989,80.7
YR,F,Y1,CZ,1989,75.1
YR,F,Y1,DE,1989,78.7
YR,F,Y1,DE_TOT,1989,78.1
YR,F,Y1,DK,1989,77.4
YR,F,Y1,EE,1989,74.8
YR,F,Y1,EL,1989,79.1
YR,F,Y1,ES,1989,80.1
YR,F,Y1,FI,1989,78.5
YR,F,Y1,FX,1989,80.4
YR,F,Y1,HU,1989,73.9
YR,F,Y1,IE,1989,76.8
YR,F,Y1,IS,1989,79.6
YR,F,Y1,IT,1989,79.8
YR,F,Y1,LT,1989,76.1
YR,F,Y1,LU,1989,78.1
YR,F,Y1,NL,1989,79.5
YR,F,Y1,NO,1989,79.5
YR,F,Y1,PT,1989,77.8
YR,F,Y1,RO,1989,73.4
YR,F,Y1,SE,1989,80.1
YR,F,Y1,SI,1989,77.0
YR,F,Y1,SK,1989,75.5
YR,F,Y1,AT,1988,78.3
YR,F,Y1,BE,1988,78.8
YR,F,Y1,BG,1988,74.6
YR,F,Y1,CH,1988,80.5
YR,F,Y1,CZ,1988,75.2
YR,F,Y1,DE,1988,78.6
YR,F,Y1,DE_TOT,1988,77.9
YR,F,Y1,DK,1988,77.3
YR,F,Y1,EE,1988,74.9
YR,F,Y1,EL,1988,79.0
YR,F,Y1,ES,1988,79.9
YR,F,Y1,FI,1988,78.3
YR,F,Y1,FX,1988,80.3
YR,F,Y1,HU,1988,74.3
YR,F,Y1,IE,1988,76.9
YR,F,Y1,IS,1988,79.3
YR,F,Y1,IT,1988,79.4
YR,F,Y1,LT,1988,76.1
YR,F,Y1,LU,1988,78.7
YR,F,Y1,NL,1988,79.9
YR,F,Y1,NO,1988,79.3
YR,F,Y1,PT,1988,77.3
YR,F,Y1,RO,1988,73.0
YR,F,Y1,SE,1988,79.5
YR,F,Y1,SI,1988,76.7
YR,F,Y1,SK,1988,75.5
YR,F,Y1,AT,1987,77.9
YR,F,Y1,BE,1987,78.5
YR,F,Y1,BG,1987,74.6
YR,F,Y1,CH,1987,80.5
YR,F,Y1,CZ,1987,75.0
YR,F,Y1,DE,1987,78.5
YR,F,Y1,DE_TOT,1987,77.8
YR,F,Y1,DK,1987,77.4
YR,F,Y1,EE,1987,75.2
YR,F,Y1,EL,1987,78.4
YR,F,Y1,ES,1987,79.9
YR,F,Y1,FI,1987,78.3
YR,F,Y1,FX,1987,80.0
YR,F,Y1,HU,1987,74.0
YR,F,Y1,IE,1987,76.8
YR,F,Y1,IS,1987,79.6
YR,F,Y1,IT,1987,79.3
YR,F,Y1,LT,1987,76.2
YR,F,Y1,LU,1987,77.5
YR,F,Y1,NL,1987,79.8
YR,F,Y1,NO,1987,79.4
YR,F,Y1,PT,1987,77.2
YR,F,Y1,RO,1987,72.9
YR,F,Y1,SE,1987,79.8
YR,F,Y1,SI,1987,76.3
YR,F,Y1,SK,1987,75.3
YR,F,Y1,AT,1986,77.4
YR,F,Y1,BE,1986,77.8
YR,F,Y1,BG,1986,74.7
YR,F,Y1,CH,1986,80.0
YR,F,Y1,CZ,1986,74.5
YR,F,Y1,DE,1986,78.0
YR,F,Y1,DE_TOT,1986,77.3
YR,F,Y1,DK,1986,77.3
YR,F,Y1,EE,1986,75.3
YR,F,Y1,EL,1986,78.6
YR,F,Y1,ES,1986,79.5
YR,F,Y1,FI,1986,78.3
YR,F,Y1,FX,1986,79.4
YR,F,Y1,HU,1986,73.5
YR,F,Y1,IE,1986,76.2
YR,F,Y1,IS,1986,80.2
YR,F,Y1,IT,1986,78.8
YR,F,Y1,LT,1986,76.1
YR,F,Y1,LU,1986,78.1
YR,F,Y1,NL,1986,79.3
YR,F,Y1,NO,1986,79.5
YR,F,Y1,PT,1986,76.9
YR,F,Y1,RO,1986,73.3
YR,F,Y1,SE,1986,79.6
YR,F,Y1,SI,1986,76.2
YR,F,Y1,SK,1986,75.1
YR,F,Y1,AT,1985,77.1
YR,F,Y1,BE,1985,77.7
YR,F,Y1,BG,1985,74.3
YR,F,Y1,CH,1985,79.9
YR,F,Y1,CZ,1985,74.6
YR,F,Y1,DE,1985,77.8
YR,F,Y1,DE_TOT,1985,77.2
YR,F,Y1,DK,1985,77.1
YR,F,Y1,EE,1985,74.3
YR,F,Y1,EL,1985,78.3
YR,F,Y1,ES,1985,79.3
YR,F,Y1,FI,1985,78.2
YR,F,Y1,HU,1985,73.6
YR,F,Y1,IS,1985,79.9
YR,F,Y1,IT,1985,78.5
YR,F,Y1,LT,1985,75.2
YR,F,Y1,LU,1985,77.0
YR,F,Y1,NL,1985,79.4
YR,F,Y1,NO,1985,79.1
YR,F,Y1,PT,1985,76.6
YR,F,Y1,RO,1985,73.0
YR,F,Y1,SE,1985,79.3
YR,F,Y1,SI,1985,75.8
YR,F,Y1,SK,1985,75.0
YR,F,Y1,AT,1984,77.1
YR,F,Y1,BE,1984,77.6
YR,F,Y1,BG,1984,74.6
YR,F,Y1,CH,1984,79.8
YR,F,Y1,CZ,1984,74.5
YR,F,Y1,DE_TOT,1984,77.1
YR,F,Y1,DK,1984,77.2
YR,F,Y1,EE,1984,74.1
YR,F,Y1,EL,1984,78.6
YR,F,Y1,ES,1984,79.4
YR,F,Y1,FI,1984,78.4
YR,F,Y1,HU,1984,73.6
YR,F,Y1,IS,1984,79.9
YR,F,Y1,LT,1984,75.1
YR,F,Y1,LU,1984,76.8
YR,F,Y1,NO,1984,79.5
YR,F,Y1,PT,1984,76.3
YR,F,Y1,RO,1984,73.3
YR,F,Y1,SE,1984,79.5
YR,F,Y1,SI,1984,75.3
YR,F,Y1,SK,1984,75.2
YR,F,Y1,AT,1983,76.4
YR,F,Y1,BE,1983,77.0
YR,F,Y1,BG,1983,74.5
YR,F,Y1,CH,1983,79.2
YR,F,Y1,CZ,1983,74.2
YR,F,Y1,DE_TOT,1983,76.7
YR,F,Y1,DK,1983,77.2
YR,F,Y1,EE,1983,74.8
YR,F,Y1,EL,1983,78.1
YR,F,Y1,ES,1983,78.9
YR,F,Y1,FI,1983,78.0
YR,F,Y1,HU,1983,73.3
YR,F,Y1,IS,1983,80.2
YR,F,Y1,LT,1983,75.6
YR,F,Y1,LU,1983,76.8
YR,F,Y1,NO,1983,79.3
YR,F,Y1,PT,1983,76.2
YR,F,Y1,RO,1983,73.1
YR,F,Y1,SE,1983,79.3
YR,F,Y1,SI,1983,75.0
YR,F,Y1,SK,1983,74.8
YR,F,Y1,AT,1982,76.5
YR,F,Y1,BE,1982,77.1
YR,F,Y1,BG,1982,74.2
YR,F,Y1,CH,1982,79.2
YR,F,Y1,CZ,1982,74.4
YR,F,Y1,DE_TOT,1982,76.5
YR,F,Y1,DK,1982,77.3
YR,F,Y1,EE,1982,74.8
YR,F,Y1,EL,1982,78.3
YR,F,Y1,ES,1982,79.2
YR,F,Y1,FI,1982,78.2
YR,F,Y1,HU,1982,73.6
YR,F,Y1,IS,1982,79.1
YR,F,Y1,LT,1982,75.8
YR,F,Y1,LU,1982,76.3
YR,F,Y1,NO,1982,79.3
YR,F,Y1,PT,1982,76.3
YR,F,Y1,RO,1982,73.3
YR,F,Y1,SE,1982,79.1
YR,F,Y1,SI,1982,75.2
YR,F,Y1,SK,1982,75.1
YR,F,Y1,AT,1981,76.3
YR,F,Y1,BE,1981,76.8
YR,F,Y1,BG,1981,74.6
YR,F,Y1,CH,1981,78.8
YR,F,Y1,CZ,1981,74.4
YR,F,Y1,DE_TOT,1981,76.2
YR,F,Y1,DK,1981,77.0
YR,F,Y1,EE,1981,74.3
YR,F,Y1,EL,1981,78.0
YR,F,Y1,ES,1981,78.6
YR,F,Y1,FI,1981,77.7
YR,F,Y1,HU,1981,73.3
YR,F,Y1,IS,1981,79.2
YR,F,Y1,LT,1981,75.5
YR,F,Y1,LU,1981,76.0
YR,F,Y1,MT,1981,73.4
YR,F,Y1,NO,1981,78.9
YR,F,Y1,PT,1981,75.8
YR,F,Y1,RO,1981,73.2
YR,F,Y1,SE,1981,78.8
YR,F,Y1,SK,1981,75.0
YR,F,Y1,AT,1980,76.1
YR,F,Y1,BE,1980,76.5
YR,F,Y1,BG,1980,74.1
YR,F,Y1,CH,1980,78.6
YR,F,Y1,CZ,1980,74.0
YR,F,Y1,DE_TOT,1980,76.1
YR,F,Y1,DK,1980,76.9
YR,F,Y1,EE,1980,74.4
YR,F,Y1,EL,1980,77.8
YR,F,Y1,ES,1980,78.4
YR,F,Y1,FI,1980,77.5
YR,F,Y1,HU,1980,73.3
YR,F,Y1,IS,1980,79.7
YR,F,Y1,LT,1980,75.4
YR,F,Y1,LU,1980,75.6
YR,F,Y1,MT,1980,72.6
YR,F,Y1,NO,1980,78.9
YR,F,Y1,PT,1980,75.6
YR,F,Y1,RO,1980,72.7
YR,F,Y1,SE,1980,78.4
YR,F,Y1,SK,1980,74.7
YR,F,Y1,AT,1979,76.1
YR,F,Y1,BE,1979,76.5
YR,F,Y1,BG,1979,74.3
YR,F,Y1,CH,1979,78.5
YR,F,Y1,CZ,1979,74.4
YR,F,Y1,DE_TOT,1979,75.9
YR,F,Y1,DK,1979,77.1
YR,F,Y1,EE,1979,74.3
YR,F,Y1,EL,1979,78.1
YR,F,Y1,ES,1979,78.0
YR,F,Y1,HU,1979,73.7
YR,F,Y1,LT,1979,75.5
YR,F,Y1,LU,1979,76.1
YR,F,Y1,MT,1979,73.3
YR,F,Y1,NO,1979,78.5
YR,F,Y1,PT,1979,75.4
YR,F,Y1,RO,1979,73.2
YR,F,Y1,SE,1979,78.4
YR,F,Y1,SK,1979,75.0
YR,F,Y1,AT,1978,75.7
YR,F,Y1,BE,1978,76.0
YR,F,Y1,BG,1978,74.1
YR,F,Y1,CH,1978,78.3
YR,F,Y1,CZ,1978,74.4
YR,F,Y1,DE_TOT,1978,75.6
YR,F,Y1,DK,1978,77.2
YR,F,Y1,EE,1978,74.5
YR,F,Y1,EL,1978,77.9
YR,F,Y1,ES,1978,77.4
YR,F,Y1,HU,1978,73.3
YR,F,Y1,IS,1978,79.5
YR,F,Y1,LT,1978,75.4
YR,F,Y1,LU,1978,75.5
YR,F,Y1,MT,1978,72.2
YR,F,Y1,NO,1978,78.4
YR,F,Y1,PT,1978,74.8
YR,F,Y1,RO,1978,73.4
YR,F,Y1,SE,1978,78.3
YR,F,Y1,SK,1978,74.6
YR,F,Y1,AT,1977,75.6
YR,F,Y1,BE,1977,76.1
YR,F,Y1,BG,1977,73.9
YR,F,Y1,CH,1977,78.5
YR,F,Y1,CZ,1977,74.4
YR,F,Y1,DE_TOT,1977,75.7
YR,F,Y1,DK,1977,77.4
YR,F,Y1,EE,1977,74.6
YR,F,Y1,EL,1977,77.3
YR,F,Y1,ES,1977,77.2
YR,F,Y1,HU,1977,73.8
YR,F,Y1,IS,1977,79.3
YR,F,Y1,LT,1977,75.5
YR,F,Y1,LU,1977,75.7
YR,F,Y1,MT,1977,73.6
YR,F,Y1,NO,1977,78.4
YR,F,Y1,PT,1977,74.6
YR,F,Y1,RO,1977,73.2
YR,F,Y1,SE,1977,78.2
YR,F,Y1,SK,1977,74.7
YR,F,Y1,AT,1976,75.3
YR,F,Y1,BE,1976,75.5
YR,F,Y1,BG,1976,74.3
YR,F,Y1,CH,1976,78.0
YR,F,Y1,CZ,1976,74.5
YR,F,Y1,DE_TOT,1976,75.1
YR,F,Y1,DK,1976,76.4
YR,F,Y1,EE,1976,74.4
YR,F,Y1,EL,1976,77.3
YR,F,Y1,ES,1976,76.8
YR,F,Y1,HU,1976,73.5
YR,F,Y1,IS,1976,80.0
YR,F,Y1,LT,1976,75.9
YR,F,Y1,LU,1976,74.4
YR,F,Y1,NO,1976,78.0
YR,F,Y1,PT,1976,73.8
YR,F,Y1,RO,1976,73.3
YR,F,Y1,SE,1976,77.6
YR,F,Y1,SK,1976,74.7
YR,F,Y1,AT,1975,75.1
YR,F,Y1,BE,1975,75.3
YR,F,Y1,BG,1975,73.9
YR,F,Y1,CH,1975,77.8
YR,F,Y1,CZ,1975,74.3
YR,F,Y1,DE_TOT,1975,74.8
YR,F,Y1,DK,1975,76.8
YR,F,Y1,EE,1975,74.8
YR,F,Y1,EL,1975,77.3
YR,F,Y1,ES,1975,76.5
YR,F,Y1,HU,1975,73.7
YR,F,Y1,IS,1975,78.8
YR,F,Y1,LT,1975,75.8
YR,F,Y1,LU,1975,74.3
YR,F,Y1,NO,1975,77.9
YR,F,Y1,PT,1975,73.7
YR,F,Y1,RO,1975,73.5
YR,F,Y1,SE,1975,77.6
YR,F,Y1,SK,1975,74.5
YR,F,Y1,AT,1974,75.2
YR,F,Y1,BE,1974,75.4
YR,F,Y1,BG,1974,74.2
YR,F,Y1,CH,1974,77.5
YR,F,Y1,CZ,1974,73.9
YR,F,Y1,DE_TOT,1974,74.9
YR,F,Y1,DK,1974,76.6
YR,F,Y1,EE,1974,75.3
YR,F,Y1,EL,1974,77.5
YR,F,Y1,HU,1974,73.8
YR,F,Y1,IS,1974,77.7
YR,F,Y1,LT,1974,75.9
YR,F,Y1,LU,1974,74.2
YR,F,Y1,NO,1974,77.7
YR,F,Y1,PT,1974,72.9
YR,F,Y1,RO,1974,73.4
YR,F,Y1,SE,1974,77.7
YR,F,Y1,SK,1974,74.2
YR,F,Y1,AT,1973,75.1
YR,F,Y1,BE,1973,75.1
YR,F,Y1,BG,1973,74.4
YR,F,Y1,CH,1973,77.0
YR,F,Y1,CZ,1973,74.0
YR,F,Y1,DE_TOT,1973,74.7
YR,F,Y1,EE,1973,74.7
YR,F,Y1,EL,1973,77.0
YR,F,Y1,HU,1973,73.8
YR,F,Y1,IS,1973,77.2
YR,F,Y1,LT,1973,75.8
YR,F,Y1,LU,1973,74.3
YR,F,Y1,NO,1973,77.5
YR,F,Y1,PT,1973,72.6
YR,F,Y1,RO,1973,72.5
YR,F,Y1,SE,1973,77.5
YR,F,Y1,SK,1973,74.1
YR,F,Y1,AT,1972,74.7
YR,F,Y1,BE,1972,75.0
YR,F,Y1,BG,1972,73.8
YR,F,Y1,CH,1972,76.7
YR,F,Y1,CZ,1972,74.1
YR,F,Y1,DE_TOT,1972,74.5
YR,F,Y1,EE,1972,74.7
YR,F,Y1,EL,1972,76.9
YR,F,Y1,HU,1972,73.9
YR,F,Y1,IS,1972,76.7
YR,F,Y1,LT,1972,75.5
YR,F,Y1,LU,1972,73.9
YR,F,Y1,NO,1972,77.4
YR,F,Y1,PT,1972,73.2
YR,F,Y1,RO,1972,73.0
YR,F,Y1,SE,1972,77.3
YR,F,Y1,SK,1972,74.5
YR,F,Y1,AT,1971,74.3
YR,F,Y1,BE,1971,74.7
YR,F,Y1,BG,1971,73.8
YR,F,Y1,CH,1971,76.2
YR,F,Y1,CZ,1971,73.7
YR,F,Y1,DE_TOT,1971,74.2
YR,F,Y1,EE,1971,74.9
YR,F,Y1,EL,1971,77.0
YR,F,Y1,HU,1971,73.4
YR,F,Y1,IS,1971,76.4
YR,F,Y1,LT,1971,76.1
YR,F,Y1,LU,1971,73.5
YR,F,Y1,NO,1971,77.2
YR,F,Y1,PT,1971,72.3
YR,F,Y1,RO,1971,72.6
YR,F,Y1,SE,1971,77.3
YR,F,Y1,SK,1971,73.8
YR,F,Y1,AT,1970,74.1
YR,F,Y1,BE,1970,74.6
YR,F,Y1,BG,1970,74.2
YR,F,Y1,CH,1970,76.2
YR,F,Y1,CZ,1970,73.4
YR,F,Y1,DE_TOT,1970,74.0
YR,F,Y1,EE,1970,74.6
YR,F,Y1,EL,1970,77.0
YR,F,Y1,HU,1970,73.5
YR,F,Y1,IS,1970,77.0
YR,F,Y1,LT,1970,75.3
YR,F,Y1,LU,1970,73.6
YR,F,Y1,NO,1970,77.2
YR,F,Y1,PT,1970,72.9
YR,F,Y1,RO,1970,72.5
YR,F,Y1,SE,1970,77.1
YR,F,Y1,SK,1970,73.7
YR,F,Y1,BE,1969,74.4
YR,F,Y1,BG,1969,73.7
YR,F,Y1,CH,1969,75.8
YR,F,Y1,CZ,1969,73.6
YR,F,Y1,DE_TOT,1969,73.7
YR,F,Y1,EE,1969,74.5
YR,F,Y1,EL,1969,76.2
YR,F,Y1,HU,1969,73.5
YR,F,Y1,IS,1969,76.1
YR,F,Y1,LU,1969,73.5
YR,F,Y1,NO,1969,76.7
YR,F,Y1,PT,1969,72.0
YR,F,Y1,RO,1969,72.1
YR,F,Y1,SE,1969,76.4
YR,F,Y1,SK,1969,74.0
YR,F,Y1,BE,1968,74.3
YR,F,Y1,BG,1968,74.4
YR,F,Y1,CH,1968,75.7
YR,F,Y1,CZ,1968,73.9
YR,F,Y1,DE_TOT,1968,73.8
YR,F,Y1,EE,1968,74.8
YR,F,Y1,EL,1968,75.8
YR,F,Y1,HU,1968,73.3
YR,F,Y1,IS,1968,76.1
YR,F,Y1,LU,1968,73.7
YR,F,Y1,NO,1968,76.8
YR,F,Y1,PT,1968,72.6
YR,F,Y1,RO,1968,73.0
YR,F,Y1,SE,1968,76.3
YR,F,Y1,SK,1968,74.1
YR,F,Y1,BE,1967,74.7
YR,F,Y1,BG,1967,73.8
YR,F,Y1,CH,1967,75.9
YR,F,Y1,CZ,1967,74.2
YR,F,Y1,DE_TOT,1967,74.2
YR,F,Y1,EE,1967,75.1
YR,F,Y1,EL,1967,75.7
YR,F,Y1,HU,1967,73.6
YR,F,Y1,IS,1967,76.6
YR,F,Y1,NO,1967,77.0
YR,F,Y1,PT,1967,72.3
YR,F,Y1,SK,1967,74.6
YR,F,Y1,BE,1966,74.4
YR,F,Y1,BG,1966,74.3
YR,F,Y1,CH,1966,75.4
YR,F,Y1,CZ,1966,74.2
YR,F,Y1,DE_TOT,1966,74.0
YR,F,Y1,EE,1966,74.6
YR,F,Y1,EL,1966,76.0
YR,F,Y1,HU,1966,73.9
YR,F,Y1,IS,1966,76.1
YR,F,Y1,NO,1966,76.7
YR,F,Y1,PT,1966,71.7
YR,F,Y1,SK,1966,74.1
YR,F,Y1,BE,1965,74.3
YR,F,Y1,BG,1965,74.3
YR,F,Y1,CH,1965,75.3
YR,F,Y1,CZ,1965,74.0
YR,F,Y1,DE_TOT,1965,73.9
YR,F,Y1,EE,1965,74.6
YR,F,Y1,EL,1965,75.7
YR,F,Y1,HU,1965,73.1
YR,F,Y1,IS,1965,76.6
YR,F,Y1,NO,1965,76.7
YR,F,Y1,PT,1965,72.2
YR,F,Y1,SK,1965,73.8
YR,F,Y1,BE,1964,74.6
YR,F,Y1,BG,1964,74.5
YR,F,Y1,CH,1964,75.4
YR,F,Y1,CZ,1964,74.0
YR,F,Y1,DE_TOT,1964,74.1
YR,F,Y1,EE,1964,75.0
YR,F,Y1,EL,1964,75.3
YR,F,Y1,HU,1964,73.5
YR,F,Y1,IS,1964,76.6
YR,F,Y1,NO,1964,76.3
YR,F,Y1,PT,1964,71.6
YR,F,Y1,SK,1964,74.4
YR,F,Y1,BE,1963,73.9
YR,F,Y1,BG,1963,73.6
YR,F,Y1,CH,1963,74.6
YR,F,Y1,CZ,1963,73.9
YR,F,Y1,DE_TOT,1963,73.6
YR,F,Y1,EE,1963,74.3
YR,F,Y1,EL,1963,75.5
YR,F,Y1,HU,1963,73.2
YR,F,Y1,IS,1963,76.5
YR,F,Y1,NO,1963,75.6
YR,F,Y1,PT,1963,71.5
YR,F,Y1,SK,1963,74.1
YR,F,Y1,BE,1962,74.0
YR,F,Y1,BG,1962,73.0
YR,F,Y1,CH,1962,74.6
YR,F,Y1,CZ,1962,73.3
YR,F,Y1,DE_TOT,1962,73.6
YR,F,Y1,EE,1962,73.8
YR,F,Y1,EL,1962,75.2
YR,F,Y1,HU,1962,72.2
YR,F,Y1,IS,1962,76.2
YR,F,Y1,NO,1962,76.2
YR,F,Y1,PT,1962,71.4
YR,F,Y1,SK,1962,73.4
YR,F,Y1,BE,1961,74.5
YR,F,Y1,BG,1961,73.8
YR,F,Y1,CH,1961,75.0
YR,F,Y1,CZ,1961,73.8
YR,F,Y1,DE_TOT,1961,73.5
YR,F,Y1,EE,1961,74.0
YR,F,Y1,EL,1961,75.5
YR,F,Y1,HU,1961,73.1
YR,F,Y1,IS,1961,76.3
YR,F,Y1,NO,1961,76.2
YR,F,Y1,PT,1961,70.5
YR,F,Y1,SK,1961,74.0
YR,F,Y1,BE,1960,73.7
YR,F,Y1,BG,1960,73.2
YR,F,Y1,CH,1960,74.5
YR,F,Y1,CZ,1960,73.7
YR,F,Y1,DE_TOT,1960,73.0
YR,F,Y1,EE,1960,74.0
YR,F,Y1,HU,1960,72.2
YR,F,Y1,NO,1960,76.1
YR,F,Y1,PT,1960,71.2
YR,F,Y1,SK,1960,73.6
